2018-12-26 22:38:50,-0.2,ML,11,0.1,63.92 N,21.16 W,8 km,A,Swiss Seismological Service,scanloc@sc3-dev,Iceland Region,smi:ch.ethz.sed/coseismiq-pb/2018xgavdcym
2018-12-26 12:39:45,0.6,ML,24,0,64.00 N,21.36 W,1 km,A,Swiss Seismological Service,screloc@sc3-dev,Iceland Region,smi:ch.ethz.sed/coseismiq-pb/2018xfirewoc
2018-12-26 12:35:18,0.5,ML,25,0,64.00 N,21.36 W,2 km,A,Swiss Seismological Service,screloc@sc3-dev,Iceland,smi:ch.ethz.sed/coseismiq-pb/2018xfinrlhc
2018-12-26 12:34:40,0.8,ML,27,0,64.00 N,21.36 W,2 km,A,Swiss Seismological Service,screloc@sc3-dev,Iceland Region,smi:ch.ethz.sed/coseismiq-pb/2018xfineoys
2018-12-26 09:37:48,0.5,ML,23,0,64.02 N,21.42 W,2 km,A,Swiss Seismological Service,screloc@sc3-dev,Iceland,smi:ch.ethz.sed/coseismiq-pb/2018xfddwdxg
2018-12-26 08:01:10,0.3,ML,8,0.1,64.01 N,21.41 W,5 km,A,Swiss Seismological Service,scanloc@sc3-dev,Iceland,smi:ch.ethz.sed/coseismiq-pb/2018xfafsrau
2018-12-26 07:30:03,-,-,6,0,64.01 N,21.41 W,5 km,A,Swiss Seismological Service,scanloc@sc3-dev,Iceland,smi:ch.ethz.sed/coseismiq-pb/2018xezhfhyu
2018-12-26 07:22:17,0.4,ML,18,0,64.01 N,21.42 W,2 km,A,Swiss Seismological Service,screloc@sc3-dev,Iceland,smi:ch.ethz.sed/coseismiq-pb/2018xezbciug
2018-12-26 06:17:21,0.4,ML,24,0,64.01 N,21.42 W,2 km,A,Swiss Seismological Service,screloc@sc3-dev,Iceland,smi:ch.ethz.sed/coseismiq-pb/2018xexbxgjq
2018-12-26 06:05:23,0.1,ML,6,0.1,64.01 N,21.41 W,5 km,A,Swiss Seismological Service,scanloc@sc3-dev,Iceland,smi:ch.ethz.sed/coseismiq-pb/2018xewsnbck
2018-12-26 06:04:38,0.2,ML,7,0.1,64.02 N,21.32 W,3 km,A,Swiss Seismological Service,scanloc@sc3-dev,Iceland,smi:ch.ethz.sed/coseismiq-pb/2018xewrxmlq
2018-12-26 04:46:57,-0.2,ML,7,0.5,64.02 N,21.50 W,5 km,A,Swiss Seismological Service,scanloc@sc3-dev,Iceland,smi:ch.ethz.sed/coseismiq-pb/2018xeuisjdq
2018-12-26 02:44:52,0,ML,7,0.4,64.00 N,21.54 W,5 km,A,Swiss Seismological Service,scanloc@sc3-dev,Iceland,smi:ch.ethz.sed/coseismiq-pb/2018xeqqnsxk
2018-12-26 01:14:05,0.3,ML,14,0,64.11 N,21.35 W,3 km,A,Swiss Seismological Service,screloc@sc3-dev,Iceland,smi:ch.ethz.sed/coseismiq-pb/2018xenxaleo
2018-12-25 23:19:07,-0.1,ML,10,0.2,64.12 N,21.34 W,1 km,A,Swiss Seismological Service,scanloc@sc3-dev,Iceland,smi:ch.ethz.sed/coseismiq-pb/2018xekklujw
2018-12-25 23:04:12,0,ML,10,0.3,64.13 N,21.37 W,5 km,A,Swiss Seismological Service,scanloc@sc3-dev,Iceland,smi:ch.ethz.sed/coseismiq-pb/2018xejysbzk
2018-12-25 22:41:03,0.4,ML,17,0,64.11 N,21.34 W,4 km,A,Swiss Seismological Service,screloc@sc3-dev,Iceland,smi:ch.ethz.sed/coseismiq-pb/2018xejgmdpq
2018-12-25 22:39:54,0,ML,9,0.2,64.12 N,21.31 W,5 km,A,Swiss Seismological Service,scanloc@sc3-dev,Iceland,smi:ch.ethz.sed/coseismiq-pb/2018xejfohcc
2018-12-25 22:37:27,0.5,ML,10,1.4,63.85 N,21.14 W,5 km,A,Swiss Seismological Service,scanloc@sc3-dev,Iceland Region,smi:ch.ethz.sed/coseismiq-pb/2018xejdprlw
2018-12-25 15:44:01,1.4,ML,12,0,63.95 N,21.37 W,2 km,A,Swiss Seismological Service,scanloc@sc3-dev,Iceland Region,smi:ch.ethz.sed/coseismiq-pb/2018xdwpycsq
2018-12-25 14:05:41,0.1,ML,8,0.3,63.97 N,21.35 W,5 km,A,Swiss Seismological Service,scanloc@sc3-dev,Iceland Region,smi:ch.ethz.sed/coseismiq-pb/2018xdtqlycs
2018-12-25 12:16:05,0.9,ML,39,0.3,64.04 N,21.05 W,2 km,A,Swiss Seismological Service,screloc@sc3-dev,Iceland,smi:ch.ethz.sed/coseismiq-pb/2018xdqibeni
2018-12-25 10:08:53,0.9,ML,9,1.2,64.29 N,22.12 W,5 km,A,Swiss Seismological Service,scanloc@sc3-dev,Iceland,smi:ch.ethz.sed/coseismiq-pb/2018xdmlxoaa
2018-12-25 10:01:41,0.5,ML,36,0.1,64.11 N,21.34 W,3 km,A,Swiss Seismological Service,screloc@sc3-dev,Iceland,smi:ch.ethz.sed/coseismiq-pb/2018xdmggijs
2018-12-25 09:54:43,0.4,ML,33,0,64.11 N,21.34 W,4 km,A,Swiss Seismological Service,screloc@sc3-dev,Iceland,smi:ch.ethz.sed/coseismiq-pb/2018xdmattza
2018-12-25 06:30:53,0.4,ML,7,0.4,64.02 N,21.79 W,5 km,A,Swiss Seismological Service,scanloc@sc3-dev,Iceland,smi:ch.ethz.sed/coseismiq-pb/2018xdfweiyu
2018-12-25 06:30:02,-,-,7,0,62.63 N,14.44 W,45 km,A,Swiss Seismological Service,screloc@sc3-dev,Iceland Region,smi:ch.ethz.sed/coseismiq-pb/2018xdfvnbxg
2018-12-25 06:13:43,-,-,7,0.4,64.11 N,21.24 W,5 km,A,Swiss Seismological Service,scanloc@sc3-dev,Iceland,smi:ch.ethz.sed/coseismiq-pb/2018xdfiqzsu
2018-12-25 04:48:17,0.8,ML,17,0.4,63.95 N,22.03 W,11 km,A,Swiss Seismological Service,scanloc@sc3-dev,Iceland Region,smi:ch.ethz.sed/coseismiq-pb/2018xdctjets
2018-12-25 04:36:07,0,ML,10,0,64.05 N,21.24 W,4 km,A,Swiss Seismological Service,screloc@sc3-dev,Iceland,smi:ch.ethz.sed/coseismiq-pb/2018xdcjubbm
2018-12-25 02:51:05,0,ML,11,0,64.01 N,21.43 W,2 km,A,Swiss Seismological Service,screloc@sc3-dev,Iceland,smi:ch.ethz.sed/coseismiq-pb/2018xczfargy
2018-12-25 02:14:44,0.1,ML,7,0,63.96 N,21.55 W,5 km,A,Swiss Seismological Service,scanloc@sc3-dev,Iceland Region,smi:ch.ethz.sed/coseismiq-pb/2018xcycjzyy
2018-12-25 02:14:44,-0.1,ML,15,0,63.97 N,21.56 W,4 km,A,Swiss Seismological Service,screloc@sc3-dev,Iceland Region,smi:ch.ethz.sed/coseismiq-pb/2018xcycdvwo
2018-12-25 02:14:43,0.2,ML,6,0,63.95 N,21.63 W,1 km,A,Swiss Seismological Service,screloc@sc3-dev,Iceland Region,smi:ch.ethz.sed/coseismiq-pb/2018xcycjqjm
2018-12-25 02:13:51,-0.4,ML,7,0.5,64.13 N,21.42 W,5 km,A,Swiss Seismological Service,scanloc@sc3-dev,Iceland,smi:ch.ethz.sed/coseismiq-pb/2018xcybrsxm
2018-12-25 02:08:35,0,ML,15,0,64.10 N,21.25 W,5 km,A,Swiss Seismological Service,screloc@sc3-dev,Iceland,smi:ch.ethz.sed/coseismiq-pb/2018xcxxoilo
2018-12-25 00:45:41,0.2,ML,22,0.4,63.91 N,21.42 W,10 km,A,Swiss Seismological Service,scanloc@sc3-dev,Iceland Region,smi:ch.ethz.sed/coseismiq-pb/2018xcvkeqpc
2018-12-24 22:35:45,0,ML,8,0.1,64.10 N,21.27 W,7 km,A,Swiss Seismological Service,scanloc@sc3-dev,Iceland,smi:ch.ethz.sed/coseismiq-pb/2018xcrlwosi
2018-12-24 20:54:31,-0.1,ML,8,0.1,64.01 N,21.41 W,4 km,A,Swiss Seismological Service,scanloc@sc3-dev,Iceland,smi:ch.ethz.sed/coseismiq-pb/2018xcokdglm
2018-12-24 20:07:53,1.5,ML,13,0.1,63.15 N,22.76 W,21 km,A,Swiss Seismological Service,scanloc@sc3-dev,Iceland Region,smi:ch.ethz.sed/coseismiq-pb/2018xcmzjmcq
2018-12-24 20:05:50,0.2,ML,24,0,64.03 N,21.41 W,2 km,A,Swiss Seismological Service,screloc@sc3-dev,Iceland,smi:ch.ethz.sed/coseismiq-pb/2018xcmxudee
2018-12-24 20:03:10,-0.2,ML,10,0.1,64.03 N,21.41 W,2 km,A,Swiss Seismological Service,scanloc@sc3-dev,Iceland,smi:ch.ethz.sed/coseismiq-pb/2018xcmvrgsi
2018-12-24 19:49:29,1,ML,27,0.3,63.94 N,20.76 W,14 km,A,Swiss Seismological Service,scanloc@sc3-dev,Iceland,smi:ch.ethz.sed/coseismiq-pb/2018xcmkxwci
2018-12-24 18:42:56,0.4,ML,22,0,64.10 N,21.26 W,5 km,A,Swiss Seismological Service,screloc@sc3-dev,Iceland,smi:ch.ethz.sed/coseismiq-pb/2018xckklsxq
2018-12-24 18:30:01,0.1,ML,18,0,64.11 N,21.26 W,5 km,A,Swiss Seismological Service,screloc@sc3-dev,Iceland,smi:ch.ethz.sed/coseismiq-pb/2018xckahjpo
2018-12-24 18:27:47,1.9,ML,16,0,64.11 N,21.26 W,6 km,A,Swiss Seismological Service,screloc@sc3-dev,Iceland,smi:ch.ethz.sed/coseismiq-pb/2018xcjynryc
2018-12-24 17:52:30,0.2,ML,15,0,64.10 N,21.26 W,5 km,A,Swiss Seismological Service,screloc@sc3-dev,Iceland,smi:ch.ethz.sed/coseismiq-pb/2018xciwtdzm
2018-12-24 17:39:27,-0.5,ML,7,0.1,64.10 N,21.32 W,1 km,A,Swiss Seismological Service,scanloc@sc3-dev,Iceland,smi:ch.ethz.sed/coseismiq-pb/2018xcimlrok
2018-12-24 17:21:13,0,ML,19,0,63.94 N,21.36 W,5 km,A,Swiss Seismological Service,screloc@sc3-dev,Iceland Region,smi:ch.ethz.sed/coseismiq-pb/2018xchybyqs
2018-12-24 17:18:28,0.6,ML,47,0.1,63.94 N,21.35 W,6 km,A,Swiss Seismological Service,screloc@sc3-dev,Iceland Region,smi:ch.ethz.sed/coseismiq-pb/2018xchvydxg
2018-12-24 17:16:59,1.2,ML,43,0,63.94 N,21.36 W,6 km,A,Swiss Seismological Service,screloc@sc3-dev,Iceland Region,smi:ch.ethz.sed/coseismiq-pb/2018xchuttza
2018-12-24 17:15:46,0.1,ML,11,0.1,64.05 N,21.38 W,1 km,A,Swiss Seismological Service,screloc@sc3-dev,Iceland,smi:ch.ethz.sed/coseismiq-pb/2018xchtupvu
2018-12-24 17:11:15,-0.1,ML,7,0.3,64.05 N,21.40 W,5 km,A,Swiss Seismological Service,scanloc@sc3-dev,Iceland,smi:ch.ethz.sed/coseismiq-pb/2018xchqfywg
2018-12-24 17:08:27,0,ML,20,0.1,64.05 N,21.39 W,2 km,A,Swiss Seismological Service,screloc@sc3-dev,Iceland,smi:ch.ethz.sed/coseismiq-pb/2018xchoatvq
2018-12-24 16:52:43,0.1,ML,18,0.1,64.06 N,21.36 W,6 km,A,Swiss Seismological Service,screloc@sc3-dev,Iceland,smi:ch.ethz.sed/coseismiq-pb/2018xchbqmcm
2018-12-24 16:37:52,0.1,ML,7,2,63.95 N,21.01 W,2 km,A,Swiss Seismological Service,scanloc@sc3-dev,Iceland Region,smi:ch.ethz.sed/coseismiq-pb/2018xcgpyfzc
2018-12-24 16:37:24,-,-,7,0,64.35 N,16.83 W,91 km,A,Swiss Seismological Service,screloc@sc3-dev,Iceland,smi:ch.ethz.sed/coseismiq-pb/2018xcgpowqi
2018-12-24 15:54:52,-0.2,ML,13,0.1,64.11 N,21.27 W,5 km,A,Swiss Seismological Service,screloc@sc3-dev,Iceland,smi:ch.ethz.sed/coseismiq-pb/2018xcfibksg
2018-12-24 15:45:19,0.1,ML,16,0,64.11 N,21.26 W,5 km,A,Swiss Seismological Service,screloc@sc3-dev,Iceland,smi:ch.ethz.sed/coseismiq-pb/2018xcfaodos
2018-12-24 13:37:19,0.3,ML,19,0,64.11 N,21.26 W,5 km,A,Swiss Seismological Service,screloc@sc3-dev,Iceland,smi:ch.ethz.sed/coseismiq-pb/2018xcbdsmcs
2018-12-24 12:51:27,0.2,ML,14,0,64.11 N,21.26 W,5 km,A,Swiss Seismological Service,screloc@sc3-dev,Iceland,smi:ch.ethz.sed/coseismiq-pb/2018xbztowyo
2018-12-24 12:37:46,2.3,ML,21,0,64.11 N,21.26 W,6 km,A,Swiss Seismological Service,screloc@sc3-dev,Iceland,smi:ch.ethz.sed/coseismiq-pb/2018xbziunly
2018-12-24 11:24:38,0.1,ML,22,0,64.10 N,21.27 W,6 km,A,Swiss Seismological Service,screloc@sc3-dev,Iceland,smi:ch.ethz.sed/coseismiq-pb/2018xbxdetqw
2018-12-24 10:51:19,-0.2,ML,6,0.4,64.10 N,21.26 W,5 km,A,Swiss Seismological Service,scanloc@sc3-dev,Iceland,smi:ch.ethz.sed/coseismiq-pb/2018xbwcxyce
2018-12-24 10:43:40,0.2,ML,6,0.2,64.12 N,21.29 W,5 km,A,Swiss Seismological Service,scanloc@sc3-dev,Iceland,smi:ch.ethz.sed/coseismiq-pb/2018xbvwxhge
2018-12-24 10:10:59,0.6,ML,6,0.4,64.24 N,20.87 W,5 km,A,Swiss Seismological Service,scanloc@sc3-dev,Iceland,smi:ch.ethz.sed/coseismiq-pb/2018xbuxdvum
2018-12-24 09:57:46,0.5,ML,7,0.3,64.16 N,20.94 W,5 km,A,Swiss Seismological Service,scanloc@sc3-dev,Iceland,smi:ch.ethz.sed/coseismiq-pb/2018xbumtgkc
2018-12-24 09:57:37,0.5,ML,7,0,64.21 N,20.99 W,1 km,A,Swiss Seismological Service,screloc@sc3-dev,Iceland,smi:ch.ethz.sed/coseismiq-pb/2018xbumnusc
2018-12-24 09:46:07,0,ML,12,0,64.11 N,21.29 W,2 km,A,Swiss Seismological Service,screloc@sc3-dev,Iceland,smi:ch.ethz.sed/coseismiq-pb/2018xbudotsq
2018-12-24 09:45:47,0.3,ML,6,0.1,64.11 N,21.28 W,5 km,A,Swiss Seismological Service,scanloc@sc3-dev,Iceland,smi:ch.ethz.sed/coseismiq-pb/2018xbudhtzw
